Player,team,gp,pts,ast,reb,fg3m,fga,fta,stl,blk,tov,fg_pct,ft_pct
A.J. Lawson,TOR,26,9.1,1.2,3.3,1.3,7.3,2.4,0.5,0.2,0.6,0.421,0.683
AJ Green,MIL,73,7.4,1.5,2.4,2.1,5.8,0.4,0.5,0.1,0.5,0.429,0.815
AJ Johnson,WAS,29,7.6,2.6,2.0,0.8,7.3,1.3,0.4,0.1,1.2,0.385,0.865
Aaron Gordon,DEN,51,14.7,3.2,4.8,1.5,9.7,3.5,0.5,0.3,1.4,0.531,0.81
Aaron Holiday,HOU,62,5.5,1.3,1.3,1.2,4.3,0.7,0.3,0.2,0.6,0.437,0.829
Aaron Nesmith,IND,45,12.0,1.2,4.0,1.9,8.4,1.8,0.8,0.4,0.8,0.507,0.913
Aaron Wiggins,OKC,76,12.0,1.8,3.9,1.7,9.6,1.2,0.8,0.2,0.9,0.488,0.831
Ace Bailey,rookie,N/A,N/A,N/A,N/A,N/A,N/A,N/A,N/A,N/A,N/A,N/A,N/A
Adam Flagler,OKC,37,1.8,0.3,0.7,0.4,2.6,0.1,0.2,0.1,0.1,0.26,0.5
Adama Sanogo,CHI,4,2.0,0.3,1.5,0.0,1.8,0.0,0.0,0.0,0.3,0.571,0.0
Adem Bona,PHI,58,5.8,0.5,4.2,0.0,3.3,1.7,0.4,1.2,1.1,0.703,0.67
Ajay Mitchell,OKC,36,6.5,1.8,1.9,0.6,5.1,1.0,0.7,0.1,0.8,0.495,0.829
Al Horford,BOS,60,9.0,2.1,6.2,1.9,7.7,0.6,0.6,0.9,0.8,0.423,0.895
Alec Burks,MIA,49,7.3,1.1,2.5,1.8,5.5,1.0,0.6,0.1,0.6,0.424,0.776
Alex Caruso,OKC,54,7.1,2.5,2.9,1.1,5.8,0.9,1.6,0.6,0.7,0.446,0.824
Alex Ducas,OKC,21,1.7,0.2,1.2,0.5,1.4,0.1,0.2,0.0,0.2,0.4,1.0
Alex Len,LAL,46,1.6,0.8,2.1,0.0,1.4,0.4,0.2,0.5,0.4,0.508,0.471
Alex Reese,PHI,15,5.1,0.3,3.1,1.0,3.6,0.8,0.7,0.7,0.4,0.481,0.75
Alex Sarr,WAS,67,13.0,2.4,6.5,1.6,12.4,2.5,0.7,1.5,1.7,0.394,0.679
Alondes Williams,LAC,1,5.0,1.0,0.0,1.0,2.0,0.0,0.0,0.0,0.0,1.0,0.0
Alperen Sengun,HOU,76,19.1,4.9,10.3,0.3,15.0,5.6,1.1,0.8,2.6,0.496,0.692
Amen Thompson,HOU,69,14.1,3.8,8.2,0.4,10.1,3.6,1.4,1.3,2.0,0.557,0.684
Amir Coffey,LAC,72,9.7,1.1,2.2,1.4,7.1,1.8,0.6,0.1,0.6,0.471,0.891
Andre Drummond,PHI,40,7.3,0.9,7.8,0.1,5.9,2.3,1.0,0.5,1.4,0.5,0.622
Andre Jackson Jr.,MIL,67,3.4,1.2,2.7,0.4,2.9,0.4,0.5,0.2,0.9,0.477,0.5
Andrew Nembhard,IND,65,10.0,5.0,3.3,0.8,8.3,2.1,1.2,0.2,1.7,0.458,0.794
Andrew Wiggins,MIA,60,18.0,2.6,4.5,2.2,14.0,4.3,1.0,0.8,1.7,0.448,0.763
Anfernee Simons,POR,70,19.3,4.8,2.7,3.1,16.1,2.8,0.9,0.1,2.0,0.426,0.902
Anthony Black,ORL,78,9.4,3.1,2.9,0.8,7.9,2.5,1.1,0.6,1.8,0.423,0.761
Anthony Davis,DAL,51,24.7,3.5,11.6,0.7,17.8,7.2,1.2,2.2,2.2,0.516,0.775
Anthony Edwards,MIN,79,27.6,4.5,5.7,4.1,20.4,6.3,1.2,0.6,3.2,0.447,0.837
Anthony Gill,WAS,51,2.5,0.3,1.3,0.2,1.7,1.0,0.2,0.0,0.2,0.489,0.66
Anton Watson,NYK,9,0.9,0.2,0.3,0.0,1.0,0.0,0.1,0.0,0.2,0.444,0.0
Antonio Reeves,NOP,44,6.9,0.9,1.4,1.2,5.6,0.8,0.5,0.1,0.7,0.456,0.8
Ariel Hukporti,NYK,25,1.9,0.4,2.0,0.0,1.2,0.5,0.0,0.6,0.8,0.677,0.462
Armel Traore,LAL,9,1.6,0.1,1.7,0.0,2.1,0.8,0.4,0.2,0.3,0.316,0.286
Ausar Thompson,DET,59,10.1,2.3,5.1,0.2,7.8,2.4,1.7,0.7,1.4,0.535,0.641
Austin Reaves,LAL,73,20.2,5.8,4.5,2.7,14.2,5.0,1.1,0.3,2.4,0.46,0.877
Ayo Dosunmu,CHI,46,12.3,4.5,3.5,1.3,9.8,1.7,0.9,0.4,1.5,0.492,0.785
Bam Adebayo,MIA,78,18.1,4.3,9.6,1.0,14.3,4.2,1.3,0.7,2.1,0.485,0.765
Baylor Scheierman,BOS,31,3.6,1.1,2.1,0.8,3.5,0.4,0.5,0.1,0.4,0.355,0.75
Ben Sheppard,IND,63,5.3,1.3,2.8,1.1,4.6,0.4,0.6,0.2,0.3,0.418,0.889
Ben Simmons,LAC,51,5.0,5.6,4.7,0.0,4.4,0.6,0.7,0.5,2.0,0.52,0.727
Bennedict Mathurin,IND,72,16.1,1.9,5.3,1.4,11.8,4.6,0.7,0.3,1.9,0.458,0.831
Bilal Coulibaly,WAS,59,12.3,3.4,5.0,1.1,10.6,3.1,1.3,0.7,2.1,0.421,0.746
Bismack Biyombo,SAS,28,5.1,1.1,5.6,0.0,4.1,0.9,0.6,0.8,1.0,0.588,0.4
Blake Wesley,SAS,58,3.7,2.0,1.1,0.3,3.2,1.1,0.6,0.1,0.9,0.435,0.623
Bobby Portis,MIL,49,13.9,2.1,8.4,1.3,12.1,1.5,0.7,0.5,1.2,0.466,0.836
Bobi Klintman,DET,8,1.9,0.9,0.9,0.3,1.3,0.3,0.3,0.1,0.1,0.6,0.5
Bogdan Bogdanović,LAC,54,10.8,2.7,2.9,1.9,9.1,1.2,0.8,0.2,1.4,0.427,0.879
Bol Bol,PHX,36,6.8,0.6,2.9,0.9,5.1,0.7,0.3,0.7,0.6,0.525,0.769
Bones Hyland,MIN,24,6.2,1.3,1.0,1.3,4.9,1.1,0.8,0.2,1.0,0.398,0.885
Bradley Beal,PHX,53,17.0,3.7,3.3,1.9,13.1,2.6,1.1,0.5,1.9,0.497,0.803
Branden Carlson,OKC,32,3.8,0.4,1.7,0.7,3.0,0.6,0.2,0.7,0.2,0.443,0.778
Brandin Podziemski,GSW,64,11.7,3.4,5.1,1.8,9.8,1.5,1.1,0.2,1.2,0.445,0.758
Brandon Boston,NOP,42,10.7,2.2,3.2,1.2,9.1,2.0,1.3,0.2,1.2,0.436,0.788
Brandon Clarke,MEM,64,8.3,1.0,5.1,0.0,5.9,1.4,0.8,0.6,0.6,0.621,0.701
Brandon Ingram,TOR,18,22.2,5.2,5.6,2.4,18.5,3.1,0.9,0.6,3.8,0.465,0.855
Brandon Miller,CHA,27,21.0,3.6,4.9,3.9,18.2,2.9,1.1,0.7,2.8,0.403,0.861
Brandon Williams,DAL,33,8.3,2.3,1.8,0.7,5.7,2.0,0.7,0.2,1.2,0.521,0.833
Braxton Key,GSW,3,1.0,0.0,0.7,0.0,1.3,2.0,0.7,0.0,0.3,0.0,0.5
Brice Sensabaugh,UTA,71,10.9,1.5,3.0,2.2,8.4,1.0,0.6,0.1,1.5,0.459,0.89
Bronny James,LAL,27,2.3,0.8,0.7,0.3,2.5,0.5,0.3,0.1,0.5,0.313,0.786
Brook Lopez,MIL,80,13.0,1.8,5.0,1.7,9.7,1.7,0.6,1.9,1.1,0.509,0.826
Bruce Brown,NOP,41,8.3,2.0,4.0,0.7,7.5,1.6,0.8,0.2,1.0,0.421,0.815
Bruno Fernando,TOR,17,3.4,1.1,3.0,0.0,2.9,0.5,0.2,0.5,0.8,0.531,0.75
Bryce McGowens,POR,13,1.0,0.2,0.2,0.0,1.1,0.5,0.1,0.0,0.3,0.286,0.833
Bub Carrington,WAS,82,9.8,4.4,4.2,1.7,9.1,1.0,0.7,0.3,1.7,0.401,0.812
Buddy Hield,GSW,82,11.1,1.6,3.2,2.5,9.6,0.8,0.8,0.3,1.1,0.417,0.828
CJ McCollum,NOP,56,21.1,4.1,3.8,3.1,17.9,3.1,0.8,0.4,1.9,0.444,0.717
Cade Cunningham,DET,70,26.1,9.1,6.1,2.1,20.8,5.3,1.0,0.8,4.4,0.469,0.846
Caleb Houstan,ORL,58,4.1,0.6,1.3,1.1,3.3,0.3,0.4,0.1,0.2,0.421,0.882
Caleb Martin,DAL,45,7.9,2.1,3.9,0.8,6.8,2.2,1.0,0.5,1.2,0.424,0.622
Cam Christie,LAC,13,1.4,0.5,0.9,0.2,1.8,0.3,0.4,0.1,0.2,0.292,0.5
Cam Reddish,LAL,33,3.2,0.7,2.0,0.4,2.8,0.8,1.0,0.3,0.4,0.404,0.615
Cam Spencer,MEM,25,4.2,1.4,1.2,0.8,3.3,0.8,0.4,0.0,0.2,0.415,1.0
Cam Thomas,BKN,25,24.0,3.8,3.3,2.7,18.2,6.0,0.6,0.1,2.5,0.438,0.881
Cam Whitmore,HOU,51,9.4,1.0,3.0,1.3,7.9,1.4,0.6,0.3,0.9,0.444,0.75
Cameron Johnson,BKN,57,18.8,3.4,4.3,2.8,13.1,3.9,0.9,0.4,1.7,0.475,0.893
Cameron Payne,NYK,72,6.9,2.8,1.4,1.3,6.2,0.8,0.5,0.2,0.7,0.401,0.907
Caris LeVert,ATL,64,12.1,3.4,3.2,1.7,9.4,2.4,0.9,0.5,1.2,0.467,0.71
Cason Wallace,OKC,68,8.4,2.5,3.4,1.1,7.2,0.5,1.8,0.5,0.9,0.474,0.811
Charles Bassey,SAS,36,4.4,0.5,4.2,0.0,3.3,0.9,0.4,0.8,0.6,0.581,0.636
Chet Holmgren,OKC,32,15.0,2.0,8.0,1.4,10.7,4.2,0.7,2.2,1.8,0.49,0.754
Chris Boucher,TOR,50,10.0,0.7,4.5,1.4,7.4,1.7,0.5,0.5,0.6,0.492,0.782
Chris Duarte,CHI,17,2.1,0.5,1.2,0.4,1.5,0.5,0.0,0.0,0.1,0.462,0.75
Chris Livingston,MIL,21,1.4,0.2,1.7,0.0,1.3,0.8,0.2,0.0,0.3,0.333,0.75
Chris Paul,SAS,82,8.8,7.4,3.6,1.7,7.1,1.1,1.3,0.3,1.6,0.427,0.924
Christian Braun,DEN,79,15.4,2.6,5.2,1.1,10.4,2.7,1.1,0.5,1.0,0.58,0.827
Christian Koloko,LAL,37,2.4,0.4,2.5,0.0,1.8,0.4,0.2,0.4,0.3,0.606,0.714
Chuma Okeke,CLE,9,5.9,1.7,5.2,1.2,4.4,0.3,0.6,0.4,0.3,0.5,0.667
Clint Capela,ATL,55,8.9,1.1,8.5,0.0,7.1,1.8,0.6,1.0,0.9,0.559,0.536
Coby White,CHI,74,20.4,4.5,3.7,2.9,15.1,4.1,0.9,0.2,2.4,0.453,0.902
Cody Martin,PHX,53,6.8,2.0,4.2,0.8,6.1,1.2,1.1,0.6,1.0,0.418,0.705
Cody Williams,UTA,50,4.6,1.2,2.3,0.7,5.1,0.8,0.5,0.3,0.9,0.323,0.725
Colby Jones,WAS,39,4.0,1.1,2.2,0.4,3.3,0.9,0.7,0.3,0.6,0.457,0.657
Cole Anthony,MEM,67,9.4,2.9,3.0,1.1,8.1,1.7,0.7,0.5,1.5,0.424,0.823
Cole Swider,IND,10,5.9,0.3,2.7,1.5,6.3,0.1,0.4,0.2,0.4,0.349,0.0
Colin Castleton,TOR,26,4.7,1.1,4.7,0.1,3.8,1.5,0.3,0.4,0.9,0.469,0.763
Collin Gillespie,PHX,33,5.9,2.4,2.4,1.2,4.8,0.7,0.6,0.2,0.5,0.43,0.864
Collin Sexton,UTA,63,18.4,4.2,2.7,1.7,13.8,4.0,0.7,0.1,2.5,0.48,0.865
Cooper Flagg,rookie,N/A,N/A,N/A,N/A,N/A,N/A,N/A,N/A,N/A,N/A,N/A,N/A
Corey Kispert,WAS,61,11.6,1.7,3.0,2.0,9.3,1.4,0.4,0.2,1.0,0.451,0.852
Cory Joseph,ORL,50,3.5,1.4,1.5,0.8,3.1,0.4,0.5,0.1,0.4,0.403,0.778
Craig Porter Jr.,CLE,51,3.7,1.4,1.3,0.4,2.7,0.6,0.3,0.3,0.7,0.514,0.719
Cui Cui,BKN,5,0.6,0.0,0.4,0.0,1.4,0.4,0.0,0.0,0.0,0.143,0.5
D'Angelo Russell,BKN,58,12.6,5.1,2.8,1.9,11.0,2.5,1.0,0.4,1.9,0.39,0.834
D.J. Carton,TOR,4,0.8,0.8,1.0,0.0,1.8,0.3,0.5,0.0,1.0,0.143,1.0
DaQuan Jeffries,CHA,47,6.7,1.1,2.9,1.2,6.2,0.6,0.6,0.5,0.7,0.405,0.8
Daeqwon Plowden,ATL,6,7.2,0.3,1.8,1.5,4.2,0.3,0.0,0.0,0.7,0.64,1.0
Daishen Nix,MIN,3,0.3,1.0,1.3,0.0,0.3,0.7,0.0,0.0,1.3,0.0,0.5
Dalano Banton,POR,67,8.3,2.4,2.0,1.1,7.6,1.9,0.6,0.5,1.3,0.391,0.728
Dalen Terry,CHI,73,4.5,1.3,1.7,0.5,3.7,0.9,0.6,0.2,0.7,0.448,0.71
Dalton Knecht,LAL,78,9.1,0.8,2.8,1.6,7.1,1.1,0.3,0.1,0.5,0.461,0.762
Damian Lillard,MIL,58,24.9,7.1,4.7,3.4,17.1,6.8,1.2,0.2,2.8,0.448,0.921
Damion Baugh,CHA,15,7.3,3.7,3.3,0.8,8.7,1.0,1.0,0.1,2.1,0.323,0.867
Damion Lee,PHX,25,3.3,0.4,0.8,0.4,3.0,0.8,0.2,0.0,0.4,0.365,0.952
Daniel Gafford,DAL,57,12.3,1.4,6.8,0.0,7.1,3.4,0.4,1.8,1.2,0.702,0.689
Daniel Theis,NOP,38,4.3,1.6,4.3,0.2,3.4,1.0,0.5,0.5,0.7,0.473,0.838
Daniss Jenkins,DET,7,1.0,0.4,0.3,0.1,1.4,0.3,0.0,0.0,0.1,0.3,0.0
Danté Exum,DAL,20,8.7,2.8,1.7,1.2,6.7,1.6,0.6,0.2,1.1,0.478,0.742
Dario Šarić,DEN,16,3.5,1.4,3.1,0.4,3.6,0.6,0.4,0.1,0.9,0.362,0.7
Dariq Whitehead,BKN,20,5.7,0.6,1.5,1.7,4.8,0.3,0.3,0.1,0.8,0.406,0.6
Darius Garland,CLE,75,20.6,6.7,2.9,2.8,15.7,3.4,1.2,0.1,2.5,0.472,0.878
David Duke Jr.,SAS,6,2.7,0.7,0.8,0.5,2.3,0.3,0.2,0.0,0.3,0.429,0.5
David Roddy,HOU,33,4.6,1.1,2.5,0.6,3.8,0.8,0.4,0.3,0.7,0.456,0.769
Davion Mitchell,MIA,74,7.9,4.9,2.3,1.1,6.4,1.1,1.0,0.2,1.7,0.468,0.69
Day'Ron Sharpe,BKN,50,7.9,1.8,6.6,0.2,6.3,1.5,0.8,0.8,1.3,0.521,0.757
De'Aaron Fox,SAS,62,23.5,6.3,4.8,1.9,18.8,5.1,1.5,0.4,2.8,0.463,0.827
De'Andre Hunter,CLE,64,17.0,1.4,4.0,2.5,11.9,4.0,0.8,0.2,1.3,0.47,0.846
De'Anthony Melton,BKN,6,10.3,2.8,3.3,2.2,9.0,1.3,1.2,0.3,1.7,0.407,0.625
DeAndre Jordan,DEN,56,3.7,0.9,5.1,0.0,2.5,1.1,0.3,0.5,0.7,0.65,0.422
DeMar DeRozan,SAC,77,22.2,4.4,3.9,1.1,17.0,5.7,0.8,0.4,1.4,0.477,0.857
Dean Wade,CLE,59,5.4,1.3,4.2,1.4,4.6,0.5,0.7,0.3,0.4,0.413,0.533
Deandre Ayton,POR,40,14.4,1.6,10.2,0.2,11.7,1.5,0.8,1.0,1.7,0.566,0.667
Dejounte Murray,NOP,31,17.5,7.4,6.5,1.7,15.9,4.0,2.0,0.4,3.4,0.393,0.823
Delon Wright,NYK,40,3.1,1.9,1.7,0.5,3.3,0.6,0.9,0.3,0.6,0.344,0.6
Deni Avdija,POR,72,16.9,3.9,7.3,1.7,11.7,5.2,1.0,0.5,2.7,0.476,0.78
Dennis Schröder,DET,75,13.1,5.4,2.6,1.7,11.0,2.9,0.9,0.2,1.9,0.406,0.838
Dereck Lively II,DAL,36,8.7,2.4,7.5,0.0,5.3,2.0,0.6,1.6,1.1,0.702,0.63
Derrick Jones Jr.,LAC,77,10.1,0.8,3.4,1.0,7.6,1.5,1.0,0.4,0.9,0.526,0.703
Derrick White,BOS,76,16.4,4.8,4.5,3.5,12.6,2.1,0.9,1.1,1.7,0.442,0.839
Desmond Bane,ORL,69,19.2,5.3,6.1,2.4,14.8,2.9,1.2,0.4,2.4,0.484,0.894
Devin Booker,PHX,75,25.6,7.1,4.1,2.4,18.9,6.4,0.9,0.2,2.9,0.461,0.894
Devin Carter,SAC,36,3.8,1.1,2.1,0.5,3.5,1.2,0.6,0.1,0.5,0.37,0.591
Devin Vassell,SAS,64,16.3,2.9,4.0,2.5,13.9,1.9,1.3,0.5,1.4,0.443,0.792
Dillon Brooks,HOU,75,14.0,1.7,3.7,2.5,11.9,1.6,0.8,0.2,1.0,0.429,0.818
Dillon Jones,OKC,54,2.5,1.1,2.2,0.3,2.5,0.5,0.3,0.1,0.5,0.383,0.607
Domantas Sabonis,SAC,70,19.1,6.0,13.9,0.9,12.8,4.1,0.7,0.4,2.9,0.59,0.754
Dominick Barlow,ATL,35,4.2,0.5,2.4,0.2,3.2,0.9,0.3,0.5,0.1,0.531,0.636
Donovan Clingan,POR,67,6.5,1.1,7.9,0.2,5.0,1.6,0.5,1.6,1.1,0.539,0.596
Donovan Mitchell,CLE,71,24.0,5.0,4.5,3.3,18.6,5.1,1.3,0.2,2.1,0.443,0.823
Donte DiVincenzo,MIN,62,11.7,3.6,3.7,2.8,9.6,1.0,1.2,0.3,1.6,0.422,0.778
Dorian Finney-Smith,LAL,63,8.7,1.4,3.9,2.0,6.9,0.7,0.9,0.4,0.9,0.448,0.667
Doug McDermott,SAC,42,3.5,0.2,0.5,1.0,2.8,0.1,0.1,0.0,0.1,0.427,0.6
Draymond Green,GSW,68,9.0,5.6,6.1,1.2,7.5,2.2,1.5,1.0,2.6,0.424,0.687
Drew Eubanks,LAC,61,4.6,0.9,3.7,0.0,3.2,1.2,0.2,0.6,0.7,0.593,0.662
Drew Peterson,BOS,25,2.2,0.5,1.6,0.5,1.6,0.4,0.2,0.1,0.3,0.415,0.778
Drew Timme,BKN,9,12.1,2.2,7.2,1.0,11.3,1.8,0.4,0.1,1.7,0.441,0.625
Dru Smith,MIA,14,6.2,1.6,2.6,1.1,4.4,0.9,1.5,0.4,1.2,0.508,0.75
Duncan Robinson,MIA,74,11.0,2.4,2.3,2.6,9.0,0.7,0.5,0.1,1.2,0.437,0.887
Duop Reath,POR,46,4.2,0.6,2.0,0.7,3.6,0.5,0.3,0.3,0.3,0.422,0.909
Dwight Powell,DAL,55,2.1,1.0,2.1,0.0,1.1,0.8,0.3,0.4,0.3,0.689,0.651
Dyson Daniels,ATL,76,14.1,4.4,5.9,1.1,12.1,1.8,3.0,0.7,2.0,0.493,0.593
E.J. Liddell,CHI,12,1.8,0.3,0.8,0.3,1.3,0.2,0.1,0.1,0.2,0.533,1.0
Elfrid Payton,NOP,24,3.5,6.9,3.3,0.0,5.1,0.3,1.0,0.5,2.5,0.328,0.571
Elijah Harkless,UTA,10,3.2,0.8,2.1,0.7,3.5,0.6,1.0,0.1,0.3,0.314,0.5
Emanuel Miller,CHI,6,1.7,0.3,1.3,0.0,1.3,0.3,0.2,0.0,0.0,0.5,1.0
Emoni Bates,CLE,10,3.7,0.8,0.7,1.1,3.8,0.0,0.1,0.1,0.2,0.342,0.0
Enrique Freeman,IND,22,2.1,0.4,1.4,0.0,1.7,0.9,0.1,0.1,0.3,0.432,0.684
Eric Gordon,PHI,39,6.8,1.7,1.2,1.4,5.2,1.2,0.7,0.3,0.7,0.426,0.75
Evan Mobley,CLE,71,18.5,3.2,9.3,1.2,12.8,4.3,0.9,1.6,2.0,0.557,0.725
Franz Wagner,ORL,60,24.2,4.7,5.7,1.7,19.4,5.2,1.3,0.4,2.3,0.463,0.871
Fred VanVleet,HOU,60,14.1,5.6,3.7,2.7,12.7,2.3,1.6,0.4,1.5,0.378,0.81
GG Jackson,MEM,29,7.2,1.0,3.2,1.1,6.9,1.4,0.4,0.2,1.1,0.372,0.725
Gabe Vincent,LAL,72,6.4,1.4,1.3,1.5,5.8,0.3,0.7,0.2,0.6,0.4,0.714
Garrett Temple,TOR,28,1.9,1.1,1.0,0.2,2.1,0.4,0.6,0.1,0.4,0.3,0.917
Garrison Mathews,ATL,47,7.5,1.3,1.9,1.8,5.5,1.7,0.6,0.3,0.7,0.397,0.821
Gary Harris,ORL,48,3.0,0.6,1.3,0.8,2.8,0.3,0.5,0.3,0.4,0.383,0.583
Gary Payton II,GSW,62,6.5,1.3,3.0,0.5,4.8,0.6,0.8,0.3,0.6,0.574,0.711
Gary Trent Jr.,MIL,74,11.1,1.2,2.3,2.4,8.9,1.2,1.0,0.1,0.6,0.431,0.848
Georges Niang,ATL,79,9.9,1.4,3.4,2.1,7.8,0.7,0.4,0.2,1.0,0.461,0.793
Giannis Antetokounmpo,MIL,67,30.4,6.5,11.9,0.2,19.7,10.6,0.9,1.2,3.1,0.601,0.617
Goga Bitadze,ORL,70,7.2,2.0,6.6,0.0,4.8,1.9,0.7,1.4,1.0,0.611,0.639
Gradey Dick,TOR,54,14.4,1.8,3.6,2.1,12.0,2.9,0.9,0.2,1.5,0.41,0.858
Grant Williams,CHA,16,10.4,2.3,5.1,1.7,7.7,2.3,1.1,0.8,1.8,0.439,0.838
Grayson Allen,PHX,64,10.6,2.1,3.0,2.3,7.6,1.8,0.8,0.3,1.2,0.448,0.816
Guerschon Yabusele,PHI,70,11.0,2.1,5.6,1.5,8.0,2.0,0.8,0.3,1.2,0.501,0.725
Gui Santos,GSW,56,4.1,1.4,3.1,0.6,3.2,0.8,0.4,0.2,0.8,0.458,0.69
Harrison Barnes,SAS,82,12.3,1.7,3.8,1.9,8.3,2.4,0.5,0.2,0.6,0.508,0.809
Harrison Ingram,SAS,5,0.8,0.6,1.8,0.0,0.8,0.0,0.6,0.0,0.2,0.5,0.0
Haywood Highsmith,MIA,74,6.5,1.5,3.4,1.2,5.3,0.6,0.9,0.5,0.7,0.458,0.721
Herbert Jones,NOP,20,10.3,3.3,3.9,1.1,8.6,2.0,1.9,0.5,1.8,0.436,0.825
Hunter Tyson,DEN,51,2.6,0.4,1.5,0.5,2.4,0.5,0.2,0.1,0.3,0.375,0.75
Immanuel Quickley,TOR,33,17.1,5.8,3.5,2.6,13.3,3.9,0.7,0.1,1.8,0.42,0.867
Isaac Jones,SAC,40,3.4,0.3,1.4,0.1,2.1,0.9,0.1,0.3,0.4,0.651,0.639
Isaac Okoro,CLE,55,6.1,1.2,2.4,1.0,4.9,0.8,0.6,0.3,0.4,0.464,0.717
Isaiah Collier,UTA,71,8.7,6.3,3.3,0.6,7.8,2.2,0.9,0.2,2.9,0.422,0.682
Isaiah Crawford,SAC,15,0.9,0.1,0.5,0.1,0.7,0.3,0.1,0.1,0.1,0.455,0.5
Isaiah Hartenstein,OKC,57,11.2,3.8,10.7,0.0,8.4,2.1,0.8,1.1,1.7,0.581,0.675
Isaiah Jackson,IND,5,7.0,1.0,5.6,0.0,4.6,2.8,0.6,1.6,1.0,0.609,0.5
Isaiah Joe,OKC,74,10.2,1.6,2.6,2.6,7.9,0.8,0.6,0.1,0.5,0.44,0.821
Isaiah Mobley,PHI,1,6.0,5.0,4.0,1.0,7.0,2.0,1.0,1.0,0.0,0.286,0.5
Isaiah Stevens,MIA,3,0.0,0.0,0.7,0.0,0.7,0.0,0.3,0.0,0.0,0.0,0.0
Isaiah Stewart,DET,72,6.0,1.7,5.5,0.2,4.4,1.2,0.4,1.4,0.9,0.559,0.759
Isaiah Wong,CHA,20,6.0,1.4,1.6,0.7,5.3,1.7,0.6,0.0,0.9,0.39,0.735
Ivica Zubac,LAC,80,16.8,2.7,12.6,0.0,11.8,3.0,0.7,1.1,1.6,0.628,0.661
JD Davison,BOS,16,2.1,0.8,0.8,0.3,2.1,0.4,0.3,0.1,0.8,0.353,0.714
JT Thor,WAS,20,3.6,0.3,2.4,0.3,3.0,1.1,0.4,0.5,0.5,0.424,0.682
Ja Morant,MEM,50,23.2,7.3,4.1,1.8,17.8,6.4,1.2,0.2,3.7,0.454,0.824
Ja'Kobe Walter,TOR,52,8.6,1.6,3.1,1.3,7.6,1.6,0.8,0.2,1.0,0.405,0.795
Jabari Smith Jr.,HOU,57,12.2,1.1,7.0,1.7,9.9,2.2,0.4,0.7,1.1,0.438,0.825
Jabari Walker,POR,60,5.2,0.6,3.5,0.5,3.8,1.2,0.6,0.1,0.6,0.515,0.69
Jack McVeigh,HOU,9,1.6,0.1,0.6,0.4,1.9,0.0,0.0,0.2,0.2,0.294,0.0
Jackson Rowe,GSW,6,3.7,0.7,1.8,0.5,2.8,1.0,0.7,0.0,0.2,0.471,0.5
Jacob Toppin,ATL,17,1.4,0.4,0.9,0.3,1.3,0.0,0.1,0.0,0.2,0.409,0.0
Jaden Hardy,DAL,57,8.7,1.4,1.6,1.3,7.3,1.5,0.5,0.1,1.4,0.435,0.698
Jaden Ivey,DET,30,17.6,4.0,4.1,2.1,13.8,3.9,0.9,0.4,3.0,0.46,0.733
Jaden McDaniels,MIN,82,12.2,2.0,5.7,1.2,10.2,1.6,1.3,0.9,1.2,0.477,0.813
Jaden Springer,UTA,43,2.5,0.8,1.3,0.3,2.1,0.9,0.6,0.1,0.4,0.389,0.711
Jae Crowder,SAC,9,2.6,0.7,2.2,0.4,2.4,0.7,0.3,0.0,0.4,0.318,0.833
Jae'Sean Tate,HOU,52,3.6,0.9,2.3,0.3,2.8,0.9,0.5,0.1,0.4,0.473,0.681
Jahlil Okafor,IND,1,0.0,1.0,1.0,0.0,0.0,0.0,0.0,0.0,0.0,0.0,0.0
Jahmir Young,CHI,6,1.8,1.0,0.5,0.2,0.8,0.3,0.0,0.0,0.2,0.8,1.0
Jaime Jaquez Jr.,MIA,66,8.6,2.5,4.4,0.6,7.0,2.2,0.9,0.2,1.5,0.461,0.754
Jake LaRavia,SAC,66,6.9,2.4,3.9,0.9,5.1,1.7,0.9,0.3,1.3,0.475,0.678
Jakob Poeltl,TOR,57,14.5,2.8,9.6,0.0,10.2,2.5,1.2,1.2,1.9,0.627,0.674
Jalen Bridges,PHX,8,1.1,0.0,0.5,0.3,0.9,0.5,0.0,0.0,0.5,0.286,0.75
Jalen Brunson,NYK,65,26.0,7.3,2.9,2.3,18.5,6.9,0.9,0.1,2.5,0.488,0.821
Jalen Duren,DET,78,11.8,2.7,10.3,0.0,7.0,3.1,0.7,1.1,1.7,0.692,0.669
Jalen Green,HOU,82,21.0,3.4,4.6,2.9,17.5,4.1,0.9,0.3,2.5,0.423,0.813
Jalen Hood-Schifino,PHI,15,7.1,2.5,1.8,0.9,6.5,1.4,0.3,0.5,1.2,0.378,0.857
Jalen Johnson,ATL,36,18.9,5.0,10.0,1.2,15.1,3.5,1.6,1.0,2.9,0.5,0.746
Jalen McDaniels,SAC,4,0.0,0.3,0.0,0.0,0.0,0.0,0.3,0.0,0.0,0.0,0.0
Jalen Pickett,DEN,49,4.1,2.2,1.4,0.8,3.7,0.2,0.4,0.1,0.5,0.428,0.75
Jalen Smith,CHI,64,8.2,1.0,5.6,1.1,6.4,1.4,0.3,0.7,0.6,0.466,0.809
Jalen Suggs,ORL,35,16.2,3.7,4.0,2.2,13.7,3.1,1.5,0.9,2.9,0.41,0.882
Jalen Williams,OKC,69,21.6,5.1,5.3,1.8,16.9,4.3,1.6,0.7,2.2,0.484,0.789
Jalen Wilson,BKN,79,9.5,1.8,3.4,1.5,7.8,2.1,0.5,0.1,1.0,0.397,0.818
Jamal Cain,NOP,37,5.3,0.6,2.3,0.7,4.3,1.4,0.6,0.2,0.6,0.43,0.68
Jamal Murray,DEN,67,21.4,6.0,3.9,2.3,16.7,3.7,1.4,0.5,2.1,0.474,0.886
Jamal Shead,TOR,75,7.1,4.2,1.5,1.0,6.7,0.9,0.8,0.1,1.6,0.405,0.768
Jamaree Bouyea,MIL,5,3.4,2.0,1.0,0.2,2.4,1.2,0.8,0.4,1.6,0.5,0.667
James Harden,LAC,79,22.8,8.7,5.8,3.0,16.4,7.3,1.5,0.7,4.3,0.41,0.874
James Johnson,IND,12,0.7,0.3,0.5,0.0,0.9,0.1,0.0,0.2,0.3,0.364,0.0
James Wiseman,IND,1,6.0,0.0,1.0,0.0,4.0,2.0,0.0,0.0,0.0,0.5,1.0
Jamison Battle,TOR,59,7.1,0.9,2.7,1.8,5.9,0.3,0.3,0.2,0.5,0.429,0.889
Jarace Walker,IND,75,6.1,1.5,3.1,1.0,4.8,0.9,0.7,0.3,1.0,0.472,0.667
Jared Butler,PHI,60,9.0,3.7,1.8,1.0,7.6,1.5,0.7,0.2,1.3,0.448,0.824
Jared McCain,PHI,23,15.3,2.6,2.4,2.2,11.9,2.4,0.7,0.0,1.6,0.46,0.875
Jared Rhoden,TOR,14,8.4,1.1,3.0,0.9,6.2,1.8,0.7,0.1,0.6,0.483,0.88
Jaren Jackson Jr.,MEM,74,22.2,2.0,5.6,2.0,16.4,5.4,1.2,1.5,2.1,0.488,0.781
Jarred Vanderbilt,LAL,36,4.1,1.1,5.1,0.3,3.4,1.0,1.0,0.3,0.8,0.488,0.556
Jarrett Allen,CLE,82,13.5,1.9,9.7,0.0,7.8,3.4,0.9,0.9,1.2,0.706,0.718
Javonte Green,CLE,68,5.1,0.8,3.2,0.7,4.2,1.1,1.0,0.5,0.5,0.429,0.724
Jaxson Hayes,LAL,56,6.8,1.0,4.8,0.0,4.0,1.8,0.6,0.9,0.8,0.722,0.622
Jay Huff,MEM,64,6.9,0.6,2.0,1.3,4.8,0.9,0.3,0.9,0.5,0.515,0.786
Jaylen Brown,BOS,63,22.2,4.5,5.8,1.8,17.7,5.1,1.2,0.3,2.6,0.463,0.764
Jaylen Clark,MIN,40,4.1,0.7,1.3,0.6,3.0,0.9,0.9,0.1,0.2,0.467,0.784
Jaylen Martin,WAS,16,4.9,1.1,2.8,0.4,4.6,0.6,0.6,0.0,0.8,0.419,0.9
Jaylen Nowell,WAS,8,8.4,2.3,2.5,1.0,9.1,1.4,0.1,0.5,1.0,0.356,0.636
Jaylen Sims,CHA,6,7.0,2.0,1.0,1.0,4.7,2.5,0.5,0.2,1.3,0.429,0.8
Jaylen Wells,MEM,79,10.4,1.7,3.4,1.7,8.6,1.7,0.6,0.1,0.9,0.425,0.822
Jaylin Williams,OKC,47,5.9,2.6,5.6,1.3,4.7,0.6,0.5,0.6,0.7,0.439,0.767
Jaylon Tyson,CLE,47,3.6,0.9,2.0,0.4,3.2,0.5,0.3,0.1,0.6,0.43,0.792
Jayson Tatum,BOS,72,26.8,6.0,8.7,3.5,20.3,6.1,1.1,0.5,2.9,0.452,0.814
Jazian Gortman,DAL,16,1.5,0.4,0.3,0.3,1.4,0.3,0.1,0.1,0.3,0.391,0.5
Jeff Dowtin Jr.,PHI,41,7.0,1.9,1.5,0.7,5.6,1.1,0.6,0.3,0.4,0.487,0.733
Jeff Green,HOU,32,5.4,0.6,1.8,0.9,3.8,0.8,0.2,0.1,0.3,0.504,0.808
Jerami Grant,POR,47,14.4,2.1,3.5,2.3,12.2,3.5,0.9,1.0,1.4,0.373,0.849
Jeremiah Robinson-Earl,NOP,66,6.3,1.3,4.8,0.8,5.3,0.8,0.6,0.1,0.8,0.455,0.836
Jeremy Sochan,SAS,54,11.4,2.4,6.5,0.5,8.7,2.3,0.8,0.5,1.6,0.535,0.696
Jericho Sims,MIL,53,1.8,0.6,3.7,0.0,1.3,0.2,0.2,0.4,0.6,0.634,0.615
Jesse Edwards,MIN,2,0.0,0.5,0.0,0.0,0.0,0.0,0.0,0.0,0.0,0.0,0.0
Jett Howard,ORL,60,4.5,0.7,1.2,0.9,4.4,0.4,0.2,0.2,0.6,0.374,0.696
Jevon Carter,CHI,36,4.3,1.1,1.1,1.0,4.1,0.3,0.4,0.1,0.3,0.377,0.8
Jimmy Butler III,GSW,55,17.5,5.4,5.4,0.6,10.9,7.1,1.4,0.3,1.3,0.504,0.842
Jock Landale,HOU,42,4.8,0.9,3.3,0.3,3.6,1.0,0.3,0.2,0.5,0.533,0.675
Joe Ingles,MIN,19,0.8,1.2,0.6,0.2,1.2,0.0,0.1,0.0,0.5,0.261,0.0
Joel Embiid,PHI,19,23.8,4.5,8.2,1.2,16.6,8.9,0.7,0.9,3.3,0.444,0.882
John Collins,UTA,40,19.0,2.0,8.2,1.5,13.3,4.1,1.0,1.0,2.6,0.527,0.848
John Konchar,MEM,46,2.4,0.9,3.3,0.5,2.0,0.2,0.7,0.3,0.3,0.451,0.875
Johnny Davis,WAS,34,2.4,0.3,1.1,0.2,2.3,0.4,0.4,0.2,0.2,0.41,0.6
Johnny Furphy,IND,50,2.1,0.4,1.4,0.3,1.8,0.4,0.4,0.2,0.2,0.38,0.818
Johnny Juzang,UTA,64,8.9,1.1,2.9,1.8,7.4,0.8,0.6,0.1,0.6,0.429,0.849
Jonas Valančiūnas,SAC,81,10.4,2.0,7.7,0.1,7.7,2.0,0.5,0.6,1.5,0.55,0.879
Jonathan Isaac,ORL,71,5.4,0.6,4.4,0.5,4.6,1.5,0.9,1.1,0.5,0.414,0.682
Jonathan Kuminga,GSW,47,15.3,2.2,4.6,1.0,12.1,5.0,0.8,0.4,1.5,0.454,0.668
Jonathan Mogbo,TOR,63,6.2,2.3,4.9,0.3,5.7,1.3,0.9,0.5,1.1,0.438,0.732
Jordan Clarkson,UTA,37,16.2,3.7,3.2,2.3,13.3,3.9,0.8,0.2,2.3,0.408,0.797
Jordan Goodwin,LAL,29,5.6,1.4,3.9,0.9,5.0,0.4,1.0,0.4,0.9,0.438,0.818
Jordan Hawkins,NOP,56,10.8,1.2,2.8,2.0,9.9,1.8,0.5,0.4,1.0,0.372,0.816
Jordan McLaughlin,SAS,46,2.1,1.1,0.7,0.4,1.6,0.5,0.3,0.0,0.3,0.431,0.773
Jordan Miller,LAC,37,4.1,0.9,1.6,0.2,3.6,0.9,0.5,0.1,0.7,0.433,0.8
Jordan Poole,WAS,68,20.5,4.5,3.0,3.5,15.5,4.0,1.3,0.4,3.0,0.432,0.883
Jordan Walsh,BOS,52,1.6,0.4,1.3,0.3,1.6,0.2,0.2,0.2,0.3,0.361,0.583
Jose Alvarado,NOP,56,10.3,4.6,2.4,2.0,9.3,1.3,1.3,0.3,1.5,0.392,0.811
Josh Christopher,MIA,14,2.0,0.6,0.6,0.1,2.2,0.4,0.4,0.2,0.4,0.355,0.667
Josh Giddey,CHI,70,14.6,7.2,8.1,1.5,11.4,3.2,1.2,0.6,2.9,0.465,0.781
Josh Green,CHA,68,7.4,1.6,2.5,1.4,6.2,1.1,1.1,0.2,1.0,0.428,0.681
Josh Hart,NYK,77,13.6,5.9,9.6,1.1,10.0,2.7,1.5,0.4,2.1,0.525,0.776
Josh Minott,MIN,46,2.6,0.4,1.0,0.3,2.0,0.4,0.3,0.3,0.2,0.489,0.895
Josh Okogie,CHA,40,7.1,0.8,2.8,0.8,5.3,2.1,1.2,0.5,0.8,0.443,0.741
Josh Richardson,MIA,8,4.0,1.5,1.5,0.8,4.8,0.5,1.0,0.1,1.0,0.289,1.0
Jrue Holiday,BOS,62,11.1,3.9,4.3,1.7,9.2,1.2,1.1,0.4,1.2,0.443,0.909
Julian Champagnie,SAS,82,9.9,1.4,3.9,2.2,8.1,1.1,0.7,0.4,0.9,0.415,0.904
Julian Phillips,CHI,79,4.6,0.5,2.1,0.6,3.6,1.0,0.5,0.3,0.3,0.446,0.789
Julian Strawther,DEN,65,9.0,1.3,2.2,1.4,7.5,1.4,0.6,0.2,0.9,0.432,0.822
Julius Randle,MIN,69,18.7,4.7,7.1,1.6,13.6,4.9,0.7,0.2,2.8,0.485,0.806
Justin Champagnie,WAS,62,8.8,1.0,5.7,1.2,6.6,1.2,1.0,0.6,0.9,0.511,0.685
Justin Edwards,PHI,44,10.1,1.6,3.4,1.6,8.6,1.0,1.0,0.4,1.1,0.455,0.696
Justin Minaya,POR,19,0.9,0.4,0.5,0.1,1.1,0.1,0.3,0.1,0.3,0.381,0.0
Jusuf Nurkić,CHA,51,8.9,2.3,7.8,0.6,6.9,2.5,0.8,0.7,1.9,0.477,0.664
KJ Martin,UTA,43,6.4,1.1,2.9,0.3,4.7,1.1,0.4,0.5,0.6,0.552,0.787
KJ Simpson,CHA,36,7.8,3.1,3.0,0.9,8.4,1.4,0.9,0.2,1.6,0.346,0.82
Kai Jones,DAL,40,5.0,0.6,3.1,0.0,2.7,0.8,0.4,0.6,0.5,0.798,0.719
Karl-Anthony Towns,NYK,72,24.4,3.1,12.8,2.0,16.9,5.7,1.0,0.7,2.7,0.526,0.829
Karlo Matković,NOP,42,7.7,1.1,5.0,0.5,5.6,1.0,0.5,1.0,1.0,0.574,0.773
Kawhi Leonard,LAC,37,21.5,3.1,5.9,2.1,16.8,3.3,1.6,0.5,1.9,0.498,0.81
Keaton Wallace,ATL,31,5.4,2.6,1.6,0.9,5.2,0.4,0.9,0.3,1.1,0.401,1.0
Keegan Murray,SAC,76,12.4,1.4,6.7,2.0,10.8,0.9,0.8,0.9,0.8,0.444,0.833
Keion Brooks Jr.,NOP,14,10.1,0.9,4.1,1.0,7.8,2.1,0.7,0.7,0.9,0.486,0.733
Kel'el Ware,MIA,64,9.3,0.9,7.4,0.5,7.3,1.0,0.6,1.1,0.9,0.554,0.687
Keldon Johnson,SAS,77,12.7,1.6,4.8,1.1,10.0,2.5,0.6,0.3,1.0,0.482,0.773
Kelly Olynyk,NOP,44,8.7,2.9,4.7,0.8,6.1,2.5,0.8,0.4,1.7,0.5,0.769
Kelly Oubre Jr.,PHI,60,15.1,1.8,6.1,1.2,12.4,3.1,1.5,0.5,1.3,0.47,0.751
Kenrich Williams,OKC,69,6.3,1.4,3.5,1.0,5.1,0.6,0.6,0.1,0.6,0.483,0.718
Kentavious Caldwell-Pope,MEM,77,8.7,1.8,2.2,1.5,7.1,1.2,1.3,0.4,0.8,0.439,0.863
Keon Ellis,SAC,80,8.3,1.5,2.7,1.7,5.8,1.1,1.5,0.8,0.9,0.489,0.849
Keon Johnson,BKN,79,10.6,2.2,3.8,1.6,9.9,1.8,1.0,0.4,1.5,0.389,0.77
Keshad Johnson,MIA,16,2.7,0.3,1.8,0.2,1.6,0.6,0.3,0.3,0.3,0.692,0.444
Kessler Edwards,DAL,40,4.2,1.1,2.9,0.6,3.4,0.3,0.5,0.5,0.4,0.496,0.923
Kevin Durant,PHX,62,26.6,4.2,6.0,2.6,18.1,5.8,0.8,1.2,3.1,0.527,0.839
Kevin Huerter,CHI,69,9.9,2.3,3.0,1.9,8.8,0.7,1.0,0.3,1.0,0.425,0.714
Kevin Knox II,GSW,14,3.3,0.4,1.2,0.3,2.6,0.6,0.1,0.3,0.3,0.5,0.75
Kevin Love,MIA,23,5.3,1.0,4.1,1.0,5.0,1.0,0.7,0.2,0.6,0.357,0.696
Kevin McCullar Jr.,NYK,4,1.5,0.5,2.0,0.0,1.8,0.5,0.3,0.3,0.0,0.286,1.0
Kevin Porter Jr.,MIL,75,10.3,3.4,3.7,0.7,8.7,2.3,1.1,0.2,1.8,0.449,0.769
Kevon Looney,GSW,76,4.5,1.6,6.1,0.0,3.7,1.3,0.6,0.5,0.5,0.514,0.566
Keyonte George,UTA,67,16.8,5.6,3.8,2.6,13.7,4.3,0.7,0.1,2.7,0.391,0.818
Khris Middleton,WAS,37,11.9,4.1,3.7,1.3,9.1,2.3,0.9,0.2,1.5,0.475,0.857
Killian Hayes,BKN,6,9.0,5.2,3.0,1.3,7.2,2.0,0.7,0.7,1.5,0.419,0.833
Klay Thompson,DAL,72,14.0,2.0,3.4,3.0,12.2,1.0,0.7,0.4,1.2,0.412,0.905
Kobe Brown,LAC,40,1.9,0.6,1.6,0.2,1.8,0.2,0.2,0.1,0.3,0.458,0.714
Kobe Bufkin,ATL,10,5.3,1.7,2.1,0.4,4.7,1.8,0.3,0.2,0.8,0.383,0.722
Kon Knueppel,rookie,N/A,N/A,N/A,N/A,N/A,N/A,N/A,N/A,N/A,N/A,N/A,N/A
Kris Dunn,LAC,74,6.4,2.8,3.4,1.0,5.9,0.3,1.7,0.4,1.0,0.439,0.682
Kris Murray,POR,69,4.2,1.0,2.6,0.4,4.0,0.8,0.5,0.2,0.6,0.419,0.456
Kristaps Porziņģis,BOS,42,19.5,2.1,6.8,2.5,13.7,4.7,0.7,1.5,1.3,0.483,0.809
Kyle Anderson,MIA,61,5.9,2.4,3.4,0.4,5.0,1.1,0.7,0.5,0.6,0.469,0.738
Kyle Filipowski,UTA,72,9.6,1.9,6.1,1.1,7.2,2.0,0.7,0.3,1.4,0.502,0.65
Kyle Kuzma,MIL,65,14.8,2.3,5.7,1.5,13.0,3.1,0.6,0.3,2.2,0.436,0.634
Kyle Lowry,PHI,35,3.9,2.7,1.9,0.8,3.3,0.9,0.9,0.3,0.6,0.35,0.818
Kylor Kelley,LAL,11,3.1,0.5,3.5,0.0,2.0,0.9,0.1,0.3,0.4,0.636,0.6
Kyrie Irving,DAL,50,24.7,4.6,4.8,2.9,18.9,4.3,1.3,0.5,2.2,0.473,0.916
Kyshawn George,WAS,68,8.7,2.5,4.2,1.7,8.0,1.4,1.0,0.7,1.4,0.372,0.753
LaMelo Ball,CHA,47,25.2,7.4,4.9,3.8,21.3,4.9,1.1,0.3,3.6,0.405,0.843
Lamar Stevens,MEM,17,4.4,0.5,2.2,0.5,3.7,0.6,0.3,0.2,0.6,0.46,0.727
Landry Shamet,NYK,50,5.7,0.5,1.2,1.2,4.6,0.4,0.5,0.0,0.4,0.461,0.667
Larry Nance Jr.,ATL,24,8.5,1.6,4.3,1.4,6.5,0.5,0.8,0.5,0.7,0.516,0.692
Lauri Markkanen,UTA,47,19.0,1.5,5.9,2.9,14.9,3.9,0.7,0.4,1.4,0.423,0.876
LeBron James,LAL,70,24.4,8.2,7.8,2.1,18.1,4.7,1.0,0.6,3.7,0.513,0.782
Leonard Miller,MIN,13,1.5,0.0,0.8,0.0,1.2,0.6,0.2,0.1,0.2,0.4,1.0
Lester Quinones,NOP,13,6.6,1.8,1.5,1.0,6.0,1.0,0.2,0.2,1.1,0.397,0.846
Liam Robbins,MIL,13,0.7,0.2,0.9,0.0,0.6,0.8,0.2,0.2,0.5,0.25,0.5
Lindy Waters III,DET,52,4.9,1.0,2.1,1.2,4.8,0.2,0.5,0.2,0.4,0.369,0.727
Lonnie Walker IV,PHI,20,12.4,2.5,3.2,2.3,10.6,1.5,0.5,0.3,1.3,0.42,0.8
Lonzo Ball,CHI,35,7.6,3.3,3.4,1.9,6.9,0.8,1.3,0.5,1.2,0.366,0.815
Luguentz Dort,OKC,71,10.1,1.6,4.1,2.4,8.4,0.6,1.1,0.5,0.7,0.435,0.717
Luka Dončić,LAL,50,28.2,7.7,8.2,3.5,20.5,7.9,1.8,0.4,3.6,0.45,0.782
Luka Garza,MIN,39,3.5,0.3,1.4,0.3,2.7,0.9,0.2,0.1,0.3,0.495,0.686
Luke Kennard,MEM,65,8.9,3.3,2.8,1.7,6.6,0.9,0.8,0.1,1.1,0.478,0.895
Luke Kornet,BOS,73,6.0,1.6,5.3,0.0,3.8,1.3,0.5,1.0,0.4,0.668,0.691
Luke Travers,CLE,12,1.0,0.7,1.7,0.0,1.7,0.2,0.1,0.1,0.7,0.25,1.0
Mac McClung,ORL,2,0.0,1.5,0.5,0.0,1.0,0.0,0.0,0.0,0.0,0.0,0.0
Malachi Flynn,SAS,4,4.0,1.8,1.8,0.3,3.3,1.5,0.8,0.0,1.0,0.385,0.833
Malaki Branham,SAS,47,5.0,0.8,1.1,0.7,4.0,0.7,0.2,0.0,0.7,0.458,0.818
Malcolm Brogdon,WAS,24,12.7,4.1,3.8,0.7,10.0,3.8,0.5,0.2,1.6,0.433,0.88
Malevy Leons,OKC,6,0.3,0.2,0.5,0.0,0.3,0.7,0.0,0.0,0.2,0.0,0.5
Malik Beasley,DET,82,16.3,1.7,2.6,3.9,13.1,1.7,0.9,0.1,1.0,0.43,0.679
Malik Monk,SAC,65,17.2,5.6,3.8,2.1,14.4,2.7,0.9,0.6,2.4,0.439,0.865
MarJon Beauchamp,NYK,35,2.3,0.3,1.3,0.3,1.9,0.6,0.1,0.0,0.4,0.415,0.75
Marcus Bagley,PHI,10,6.7,1.0,7.0,0.5,6.9,1.0,0.9,1.2,0.7,0.391,0.8
Marcus Garrett,CHA,4,7.0,3.3,1.5,0.8,6.8,1.0,0.8,0.5,1.5,0.407,0.75
Marcus Sasser,DET,57,6.6,2.3,1.2,1.0,5.2,0.9,0.6,0.1,0.9,0.463,0.843
Marcus Smart,WAS,34,9.0,3.2,2.1,1.4,7.6,2.1,1.1,0.3,1.6,0.393,0.761
Mark Williams,CHA,44,15.3,2.5,10.2,0.0,10.2,3.7,0.7,1.2,1.6,0.604,0.804
Markelle Fultz,SAC,21,2.9,1.3,1.0,0.2,3.2,0.0,0.5,0.1,0.7,0.418,1.0
Markieff Morris,LAL,15,3.7,1.4,1.5,0.6,4.7,0.4,0.1,0.2,0.3,0.3,0.833
Marvin Bagley III,MEM,31,4.4,0.4,2.7,0.1,3.4,1.1,0.3,0.3,0.4,0.519,0.657
Mason Jones,SAC,10,2.3,1.1,0.9,0.1,1.8,0.5,0.0,0.1,0.1,0.5,0.8
Mason Plumlee,PHX,74,4.5,1.8,6.1,0.0,2.7,1.7,0.4,0.6,0.8,0.619,0.648
Matas Buzelis,CHI,80,8.6,1.0,3.5,1.2,6.9,1.4,0.4,0.9,0.9,0.454,0.815
Matisse Thybulle,POR,15,7.5,1.9,3.5,1.4,5.9,1.0,2.2,0.6,0.9,0.477,0.467
Matt Ryan,NOP,19,1.5,0.2,0.4,0.3,1.6,0.1,0.1,0.0,0.2,0.323,1.0
Max Christie,DAL,78,9.6,1.9,3.3,1.5,7.6,1.9,0.8,0.4,1.1,0.427,0.855
Max Strus,CLE,50,9.4,3.2,4.3,2.3,7.5,0.7,0.5,0.2,1.1,0.442,0.824
Maxi Kleber,LAL,34,3.0,1.3,2.8,0.4,2.8,0.6,0.3,0.5,0.7,0.385,0.762
Maxwell Lewis,BKN,28,4.1,0.7,2.0,0.7,3.9,0.4,0.3,0.3,0.5,0.417,0.7
Micah Potter,UTA,38,4.3,0.8,4.3,0.8,3.6,0.5,0.4,0.4,0.8,0.422,0.85
Michael Porter Jr.,DEN,77,18.2,2.1,7.0,2.5,13.6,2.5,0.6,0.5,1.4,0.504,0.768
Mikal Bridges,NYK,82,17.6,3.7,3.2,2.0,14.4,1.4,0.9,0.5,1.6,0.5,0.814
Mike Conley,MIN,71,8.2,4.5,2.6,1.8,6.6,1.3,1.1,0.2,1.1,0.4,0.9
Miles Bridges,CHA,64,20.3,3.9,7.5,2.2,17.0,4.0,0.7,0.7,2.1,0.431,0.87
Miles McBride,NYK,64,9.5,2.9,2.5,1.8,8.5,1.0,1.0,0.3,0.6,0.406,0.813
Miles Norris,BOS,3,2.3,0.0,3.0,0.7,3.0,0.7,0.7,0.3,0.0,0.222,0.5
Mitchell Robinson,NYK,17,5.1,0.8,5.9,0.0,3.3,1.1,0.9,1.1,0.6,0.661,0.684
Mo Bamba,NOP,32,4.3,0.6,4.5,0.5,3.5,0.8,0.3,1.0,0.6,0.464,0.704
Monté Morris,PHX,45,5.2,1.6,1.5,0.7,4.3,0.9,0.4,0.1,0.5,0.426,0.857
Moritz Wagner,ORL,30,12.9,1.4,4.9,0.9,8.3,3.7,0.8,0.4,1.6,0.562,0.718
Moses Brown,DAL,13,5.8,0.2,3.4,0.0,3.8,0.8,0.5,0.3,0.8,0.694,0.727
Moses Moody,GSW,74,9.8,1.3,2.6,1.7,7.7,1.8,0.8,0.4,0.7,0.433,0.797
Mouhamed Gueye,ATL,33,6.0,0.8,4.2,0.6,5.2,1.3,0.8,1.0,0.5,0.421,0.762
Moussa Diabaté,CHA,71,5.7,0.8,6.2,0.0,3.9,1.6,0.6,0.6,0.9,0.596,0.595
Myles Turner,IND,72,15.6,1.5,6.5,2.2,11.3,3.3,0.8,2.0,1.7,0.481,0.773
N'Faly Dante,HOU,4,6.0,0.5,5.3,0.0,3.3,1.3,0.3,1.3,0.5,0.769,0.8
Nae'Qwan Tomlin,CLE,5,7.2,0.4,4.2,0.4,6.4,2.2,0.0,0.2,0.4,0.406,0.727
Naji Marshall,DAL,69,13.2,3.0,4.8,0.9,10.3,2.3,1.0,0.2,1.6,0.508,0.813
Nate Williams,HOU,20,3.3,0.5,0.7,0.3,3.1,0.4,0.4,0.2,0.7,0.435,0.625
Naz Reid,MIN,80,14.2,2.3,6.0,2.2,11.5,1.8,0.7,0.9,1.4,0.462,0.776
Neemias Queta,BOS,62,5.0,0.7,3.8,0.0,3.3,1.0,0.3,0.7,0.6,0.65,0.754
Nic Claxton,BKN,70,10.3,2.2,7.4,0.1,8.1,2.2,0.9,1.4,1.2,0.563,0.513
Nick Richards,PHX,57,9.3,0.9,8.2,0.0,6.1,2.8,0.2,1.0,1.4,0.591,0.744
Nick Smith Jr.,CHA,60,9.9,2.4,2.1,1.7,9.5,0.8,0.3,0.1,1.4,0.391,0.935
Nickeil Alexander-Walker,MIN,82,9.4,2.7,3.2,1.7,7.5,1.4,0.6,0.4,1.2,0.438,0.78
Nicolas Batum,LAC,78,4.0,1.1,2.8,1.1,3.1,0.3,0.7,0.5,0.4,0.437,0.81
Nikola Jokić,DEN,70,29.6,10.2,12.7,2.0,19.5,6.4,1.8,0.6,3.3,0.576,0.8
Nikola Jović,MIA,46,10.7,2.8,3.9,1.7,8.2,1.9,0.8,0.3,1.3,0.456,0.828
Nikola Vučević,CHI,73,18.5,3.5,10.1,1.8,14.2,2.0,0.8,0.7,1.6,0.53,0.805
Noah Clowney,BKN,46,9.1,0.9,3.9,1.9,8.1,1.7,0.5,0.5,1.0,0.358,0.838
Norman Powell,LAC,60,21.8,2.1,3.2,3.0,15.8,4.4,1.2,0.2,1.8,0.484,0.804
OG Anunoby,NYK,74,18.0,2.2,4.8,2.3,13.9,3.1,1.5,0.9,1.4,0.476,0.81
Obi Toppin,IND,79,10.5,1.6,4.0,1.4,7.6,1.4,0.6,0.4,0.9,0.529,0.781
Ochai Agbaji,TOR,64,10.4,1.5,3.8,1.6,8.3,0.8,0.9,0.5,0.8,0.498,0.708
Olivier-Maxence Prosper,DAL,52,3.9,0.8,2.4,0.2,3.3,1.5,0.5,0.1,0.3,0.402,0.645
Onyeka Okongwu,ATL,74,13.4,2.3,8.9,0.6,9.2,2.9,0.9,0.9,1.2,0.567,0.759
Orlando Robinson,TOR,44,6.9,1.8,5.0,0.4,5.9,1.6,0.4,0.4,1.1,0.444,0.771
Oscar Tshiebwe,UTA,14,7.6,0.6,8.7,0.0,5.0,2.2,0.9,0.1,0.7,0.6,0.742
Oshae Brissett,PHI,6,8.7,0.7,3.7,1.0,6.5,2.3,0.7,0.5,1.3,0.487,0.571
Oso Ighodaro,PHX,61,4.2,1.2,3.6,0.0,3.1,0.8,0.5,0.5,0.6,0.604,0.58
Ousmane Dieng,OKC,37,3.8,0.8,2.2,0.6,3.4,0.4,0.5,0.2,0.5,0.432,0.688
P.J. Tucker,NYK,3,3.0,0.0,2.7,1.0,2.3,0.0,0.3,0.3,0.3,0.429,0.0
P.J. Washington,DAL,57,14.7,2.3,7.8,1.6,11.7,3.5,1.1,1.1,2.1,0.453,0.722
PJ Dozier,MIN,9,0.8,0.6,0.6,0.2,0.3,0.7,0.1,0.0,0.1,0.667,0.167
PJ Hall,DEN,19,1.7,0.2,1.2,0.1,1.3,0.2,0.0,0.2,0.1,0.583,0.75
Pacôme Dadiet,NYK,18,1.7,0.3,1.0,0.3,1.7,0.3,0.2,0.1,0.2,0.323,0.667
Paolo Banchero,ORL,46,25.9,4.8,7.5,1.9,19.8,8.4,0.8,0.6,3.0,0.452,0.727
Pascal Siakam,IND,78,20.2,3.4,6.9,1.6,15.2,3.9,0.9,0.5,1.4,0.519,0.734
Pat Connaughton,MIL,41,5.3,1.7,2.7,0.6,4.3,0.8,0.2,0.3,0.6,0.469,0.774
Pat Spencer,GSW,39,2.5,1.2,1.2,0.1,2.6,0.4,0.4,0.1,0.5,0.406,0.733
Patrick Baldwin Jr.,LAC,24,2.2,0.1,1.0,0.5,1.5,0.2,0.1,0.1,0.2,0.543,0.5
Patrick Williams,CHI,63,9.0,2.0,3.8,1.5,8.2,1.3,0.8,0.5,1.4,0.397,0.723
Patty Mills,LAC,29,3.8,0.9,0.8,0.9,3.3,0.5,0.4,0.1,0.6,0.375,0.929
Paul George,PHI,41,16.2,4.3,5.3,2.3,13.9,2.4,1.8,0.5,2.6,0.43,0.814
Paul Reed,DET,45,4.1,1.0,2.7,0.2,3.2,0.9,0.9,0.6,0.6,0.507,0.762
Payton Pritchard,BOS,80,14.3,3.5,3.8,3.2,10.8,1.1,0.9,0.2,1.0,0.472,0.845
Pelle Larsson,MIA,55,4.6,1.2,1.7,0.6,3.7,1.1,0.6,0.1,0.4,0.438,0.672
Pete Nance,MIL,13,2.9,0.8,1.6,0.7,2.5,0.2,0.2,0.2,0.3,0.438,0.5
Peyton Watson,DEN,68,8.1,1.4,3.4,0.7,6.3,2.0,0.7,1.4,0.8,0.477,0.693
Phillip Wheeler,PHI,5,1.6,0.4,1.6,0.0,4.2,0.4,0.2,0.4,0.2,0.143,1.0
Precious Achiuwa,NYK,57,6.6,1.0,5.6,0.2,5.7,1.2,0.8,0.7,0.8,0.502,0.594
Quentin Grimes,PHI,75,14.6,3.0,4.3,2.2,11.0,2.9,1.0,0.3,1.9,0.467,0.757
Quenton Jackson,IND,28,5.8,1.9,1.6,0.5,4.4,1.4,0.8,0.2,0.6,0.475,0.775
Quincy Olivari,LAL,2,1.5,0.5,0.0,0.5,2.5,0.0,0.0,0.0,0.5,0.2,0.0
Quinten Post,GSW,42,8.1,1.3,3.5,1.7,6.5,0.6,0.4,0.4,0.8,0.449,0.778
RJ Barrett,TOR,58,21.1,5.4,6.3,1.8,16.9,5.4,0.8,0.3,2.9,0.468,0.63
RayJ Dennis,IND,11,2.7,1.3,1.1,0.5,3.0,0.2,0.6,0.2,0.5,0.333,1.0
Rayan Rupert,POR,52,3.0,0.5,1.3,0.3,2.7,0.6,0.3,0.1,0.6,0.408,0.767
Reece Beekman,BKN,36,2.6,1.8,1.1,0.2,3.0,0.6,0.9,0.1,0.6,0.327,0.762
Reed Sheppard,HOU,52,4.4,1.4,1.5,0.9,4.6,0.3,0.7,0.3,0.7,0.351,0.813
Reggie Jackson,PHI,31,4.4,1.5,1.4,0.8,4.3,0.3,0.5,0.1,0.5,0.391,0.778
Richaun Holmes,WAS,31,7.4,1.4,5.7,0.0,4.5,1.9,0.3,0.7,0.7,0.647,0.833
Ricky Council IV,PHI,73,7.3,1.3,2.9,0.8,6.3,2.1,0.4,0.2,0.7,0.382,0.804
Riley Minix,SAS,1,0.0,0.0,2.0,0.0,1.0,0.0,0.0,0.0,0.0,0.0,0.0
Rob Dillingham,MIN,49,4.5,2.0,1.0,0.5,4.3,0.3,0.4,0.0,1.1,0.441,0.533
Robert Williams III,POR,20,5.8,1.1,5.9,0.1,3.9,0.9,0.7,1.7,0.9,0.641,0.882
Ron Harper Jr.,DET,1,4.0,2.0,7.0,0.0,8.0,2.0,0.0,0.0,0.0,0.125,1.0
Ronald Holland II,DET,81,6.4,1.0,2.7,0.4,5.1,1.5,0.6,0.2,0.9,0.474,0.754
Royce O'Neale,PHX,75,9.1,2.2,4.7,2.4,7.6,0.3,0.9,0.4,0.9,0.423,0.731
Rudy Gobert,MIN,72,12.0,1.8,10.9,0.0,7.1,3.8,0.8,1.4,1.2,0.669,0.674
Rui Hachimura,LAL,59,13.1,1.4,5.0,1.7,9.8,1.9,0.8,0.4,0.8,0.509,0.77
Russell Westbrook,DEN,75,13.3,6.1,4.9,1.3,11.1,3.1,1.4,0.5,3.2,0.449,0.661
Ryan Dunn,PHX,74,6.9,0.8,3.6,1.1,6.4,0.5,0.6,0.5,0.5,0.43,0.487
Ryan Rollins,MIL,56,6.2,1.9,1.9,0.9,4.8,0.8,0.8,0.3,0.9,0.487,0.8
Sam Hauser,BOS,71,8.5,0.9,3.2,2.3,6.7,0.2,0.6,0.2,0.3,0.451,1.0
Sam Merrill,CLE,71,7.2,1.5,2.2,1.9,6.0,0.4,0.7,0.2,0.5,0.406,0.966
Sandro Mamukelashvili,SAS,61,6.3,0.8,3.1,1.0,4.6,1.0,0.4,0.3,0.4,0.502,0.741
Santi Aldama,MEM,65,12.5,2.9,6.4,1.8,10.0,1.4,0.8,0.4,1.1,0.483,0.691
Scoot Henderson,POR,66,12.7,5.1,3.0,1.6,10.4,3.1,1.0,0.2,2.7,0.419,0.767
Scottie Barnes,TOR,65,19.3,5.8,7.7,1.2,16.4,4.6,1.4,1.0,2.8,0.446,0.755
Scotty Pippen Jr.,MEM,79,9.9,4.4,3.3,1.1,7.5,2.2,1.3,0.4,1.7,0.48,0.713
Seth Curry,CHA,68,6.5,0.9,1.7,1.2,5.0,0.6,0.4,0.1,0.5,0.478,0.846
Shaedon Sharpe,POR,72,18.5,2.8,4.5,2.0,15.3,3.4,0.9,0.2,2.1,0.452,0.785
Shai Gilgeous-Alexander,OKC,76,32.7,6.4,5.0,2.1,21.8,8.8,1.7,1.0,2.4,0.519,0.898
Shake Milton,LAL,57,5.5,1.8,1.8,0.7,4.5,1.0,0.4,0.1,0.7,0.453,0.797
Sidy Cissoko,POR,22,1.5,0.7,1.0,0.1,1.4,0.4,0.1,0.0,0.5,0.433,0.333
Simone Fontecchio,DET,75,5.9,0.9,2.9,1.0,5.0,1.1,0.4,0.2,0.7,0.402,0.833
Skal Labissiere,SAC,4,1.3,0.3,0.8,0.3,1.0,0.0,0.0,0.0,0.0,0.5,0.0
Spencer Dinwiddie,DAL,79,11.0,4.4,2.6,1.4,8.6,3.1,0.9,0.2,1.3,0.416,0.802
Spencer Jones,DEN,20,1.3,0.3,0.9,0.1,1.7,0.2,0.3,0.3,0.3,0.324,1.0
Stanley Umude,MIL,22,0.7,0.2,0.8,0.1,1.2,0.2,0.1,0.3,0.1,0.192,0.5
Stephen Curry,GSW,70,24.5,6.0,4.4,4.4,18.0,4.3,1.1,0.4,2.9,0.448,0.933
Stephon Castle,SAS,81,14.7,4.1,3.7,1.2,12.2,4.2,0.9,0.3,2.2,0.428,0.724
Steven Adams,HOU,58,3.9,1.1,5.6,0.0,2.9,1.6,0.4,0.5,0.9,0.545,0.462
Svi Mykhailiuk,UTA,38,8.8,2.0,2.4,1.8,7.9,0.9,0.5,0.2,1.4,0.391,0.8
T.J. McConnell,IND,79,9.1,4.4,2.4,0.2,7.9,1.0,1.1,0.3,1.4,0.519,0.74
Taj Gibson,CHA,37,2.9,0.6,3.2,0.0,2.6,0.5,0.2,0.5,0.7,0.495,0.6
Talen Horton-Tucker,CHI,58,6.5,1.4,1.7,0.7,5.0,1.7,0.4,0.2,0.7,0.457,0.735
Tari Eason,HOU,57,12.0,1.5,6.4,1.1,9.8,1.8,1.7,0.9,1.1,0.487,0.76
Taurean Prince,MIL,80,8.2,1.9,3.6,1.8,6.4,0.6,1.0,0.2,1.0,0.457,0.813
Taylor Hendricks,UTA,3,4.7,0.7,5.0,1.0,6.0,1.3,1.7,1.3,0.7,0.222,0.75
Taze Moore,POR,2,3.0,0.5,4.0,0.5,5.0,1.0,1.0,0.0,1.0,0.2,0.5
Terance Mann,ATL,67,7.7,1.8,3.0,0.9,6.2,1.0,0.7,0.2,0.7,0.496,0.691
Terence Davis,SAC,1,0.0,1.0,1.0,0.0,2.0,0.0,0.0,0.0,0.0,0.0,0.0
Terrence Shannon Jr.,MIN,32,4.3,1.0,1.5,0.3,3.6,0.7,0.2,0.2,0.5,0.482,0.81
Terry Rozier,MIA,64,10.6,2.6,3.7,1.4,9.9,1.7,0.6,0.2,1.2,0.391,0.852
Terry Taylor,SAC,3,0.0,0.7,0.3,0.0,0.3,0.0,0.0,0.0,0.0,0.0,0.0
Thomas Bryant,IND,66,6.5,0.8,3.8,0.7,4.9,1.0,0.4,0.6,0.5,0.508,0.859
Tidjane Salaün,CHA,60,5.9,1.2,4.7,1.0,5.8,1.6,0.5,0.2,1.0,0.33,0.713
Tim Hardaway Jr.,DET,77,11.0,1.6,2.4,2.2,8.8,1.9,0.5,0.1,0.6,0.406,0.855
Tobias Harris,DET,73,13.7,2.2,5.9,1.2,11.0,2.3,1.0,0.8,1.2,0.477,0.861
Tolu Smith,DET,1,14.0,0.0,8.0,0.0,9.0,3.0,0.0,0.0,2.0,0.667,0.667
Tony Bradley,IND,14,4.4,0.4,3.0,0.1,3.2,0.4,0.1,0.6,0.4,0.644,0.333
Torrey Craig,BOS,26,4.2,0.7,2.8,0.9,3.5,0.5,0.3,0.5,0.3,0.422,0.667
Tosan Evbuomwan,BKN,28,9.5,2.0,4.3,0.9,7.9,2.6,0.9,0.4,1.4,0.427,0.753
Toumani Camara,POR,78,11.3,2.2,5.8,1.7,9.2,1.6,1.5,0.6,1.4,0.458,0.722
Trae Young,ATL,76,24.2,11.6,3.1,2.9,18.1,7.4,1.2,0.2,4.7,0.411,0.875
Trayce Jackson-Davis,GSW,62,6.6,1.7,5.0,0.0,4.9,1.6,0.4,0.6,0.7,0.576,0.578
Tre Jones,CHI,46,7.2,4.2,2.5,0.4,5.2,1.5,0.8,0.2,0.8,0.538,0.821
Tre Mann,CHA,13,14.1,3.0,2.9,1.8,12.4,1.6,0.5,0.3,1.9,0.435,0.905
Trendon Watford,BKN,44,10.2,2.6,3.6,0.7,8.0,2.8,0.6,0.3,1.9,0.469,0.762
Trentyn Flowers,LAC,6,1.8,0.0,0.7,0.0,1.8,0.5,0.0,0.0,0.2,0.364,1.0
Trevelin Queen,ORL,31,4.9,1.2,1.7,0.7,4.7,0.7,1.0,0.3,0.7,0.381,0.857
Trey Alexander,DEN,24,1.3,0.5,0.5,0.1,1.7,0.2,0.1,0.0,0.2,0.317,0.75
Trey Jemison III,LAL,38,2.5,0.4,2.8,0.0,1.9,0.9,0.2,0.4,0.6,0.554,0.394
Trey Lyles,SAC,69,6.5,1.2,4.6,1.2,5.4,1.2,0.6,0.3,0.6,0.42,0.7
Trey Murphy III,NOP,53,21.2,3.5,5.1,3.0,15.8,4.3,1.1,0.7,1.9,0.454,0.887
Tristan Thompson,CLE,40,1.7,0.6,3.4,0.0,1.8,0.8,0.1,0.3,0.4,0.437,0.233
Tristan Vukcevic,WAS,35,9.4,1.1,3.7,1.1,6.9,1.9,0.3,0.7,1.2,0.496,0.776
Tristan da Silva,ORL,74,7.2,1.5,3.3,1.1,6.5,0.9,0.4,0.2,0.8,0.412,0.873
Tristen Newton,MIN,8,0.4,0.3,0.5,0.0,1.0,0.1,0.1,0.0,0.3,0.125,1.0
Ty Jerome,CLE,70,12.5,3.4,2.5,1.6,8.8,2.1,1.1,0.0,1.3,0.516,0.872
TyTy Washington Jr.,PHX,16,2.2,1.0,0.8,0.3,2.8,0.4,0.2,0.0,0.2,0.311,0.5
Tyler Herro,MIA,77,23.9,5.5,5.2,3.3,17.9,4.2,0.9,0.2,2.6,0.472,0.878
Tyler Kolek,NYK,41,2.0,1.7,0.7,0.3,2.0,0.4,0.3,0.1,0.4,0.329,0.765
Tyler Smith,MIL,23,2.9,0.2,1.1,0.6,2.2,0.3,0.1,0.2,0.3,0.48,0.75
Tyrese Haliburton,IND,73,18.6,9.2,3.5,3.0,13.8,3.0,1.4,0.7,1.6,0.473,0.851
Tyrese Martin,BKN,60,8.7,2.0,3.7,1.7,7.8,1.0,0.6,0.2,1.2,0.406,0.793
Tyrese Maxey,PHI,52,26.3,6.1,3.3,3.1,21.0,5.6,1.8,0.4,2.4,0.437,0.879
Tyson Etienne,BKN,7,7.9,1.7,1.3,1.9,7.4,1.4,0.4,0.1,1.1,0.327,0.8
Tyus Jones,PHX,81,10.2,5.3,2.4,2.0,8.4,0.7,0.9,0.1,1.1,0.448,0.895
Ulrich Chomche,TOR,7,0.7,0.3,1.1,0.0,0.7,0.3,0.0,0.1,0.3,0.4,0.5
VJ Edgecombe,rookie,N/A,N/A,N/A,N/A,N/A,N/A,N/A,N/A,N/A,N/A,N/A,N/A
Vasilije Micic,PHX,41,6.6,3.1,2.2,1.1,6.7,1.0,0.4,0.0,1.9,0.348,0.829
Victor Wembanyama,SAS,46,24.3,3.7,11.0,3.1,18.6,4.1,1.1,3.8,3.2,0.476,0.836
Vince Williams Jr.,MEM,27,6.6,2.0,3.6,1.0,6.2,0.9,0.4,0.3,1.2,0.401,0.792
Vlatko Čančar,DEN,13,1.8,0.7,2.5,0.3,2.0,0.0,0.2,0.2,0.8,0.385,0.0
Vít Krejčí,ATL,57,7.2,2.6,2.7,1.6,5.1,0.8,0.6,0.5,0.9,0.497,0.711
Walker Kessler,UTA,58,11.1,1.7,12.2,0.1,7.2,2.6,0.6,2.4,1.5,0.663,0.52
Wendell Carter Jr.,ORL,68,9.1,2.0,7.2,0.5,7.2,2.6,0.8,0.6,1.1,0.46,0.737
Wendell Moore Jr.,CHA,36,4.2,1.2,2.6,0.4,3.5,0.6,0.6,0.1,0.8,0.468,0.818
Xavier Tillman,BOS,33,1.0,0.2,1.3,0.2,1.6,0.1,0.3,0.2,0.4,0.245,0.75
Yuki Kawamura,MEM,22,1.6,0.9,0.5,0.3,1.4,0.4,0.1,0.0,0.2,0.367,0.778
Yuri Collins,GSW,2,1.0,2.0,1.5,0.0,1.5,0.0,1.0,0.0,0.0,0.333,0.0
Yves Missi,NOP,73,9.1,1.4,8.2,0.0,6.7,2.8,0.5,1.3,1.1,0.547,0.623
Zaccharie Risacher,ATL,75,12.6,1.2,3.6,1.6,10.4,2.0,0.7,0.5,1.2,0.458,0.711
Zach Collins,CHI,64,6.4,1.7,4.5,0.5,4.7,1.2,0.5,0.5,0.9,0.507,0.885
Zach Edey,MEM,66,9.2,1.0,8.3,0.3,6.6,1.9,0.5,1.3,1.3,0.58,0.709
Zach LaVine,SAC,74,23.3,4.2,4.3,3.2,16.5,3.9,0.8,0.2,2.8,0.511,0.825
Zeke Nnaji,DEN,57,3.2,0.4,1.6,0.3,2.5,0.8,0.4,0.7,0.2,0.496,0.614
Ziaire Williams,BKN,63,10.0,1.3,4.6,1.6,8.3,2.0,1.0,0.4,1.1,0.412,0.821
Zion Williamson,NOP,30,24.6,5.3,7.2,0.1,16.9,8.0,1.2,0.9,3.0,0.567,0.656
Zyon Pullin,MEM,3,0.0,0.0,0.0,0.0,0.3,0.0,0.0,0.0,0.0,0.0,0.0
